{
  "train_losses": [
    1.0597471924538309,
    0.4399985138406145,
    0.43455422083114054
  ],
  "train_accs": [
    0.753516409912927,
    0.8973543201607501,
    0.8973543201607501
  ],
  "val_losses": [
    0.4062752580891053,
    0.3927867580205202,
    0.3910163603723049
  ],
  "val_accs": [
    0.9054959785522788,
    0.9054959785522788,
    0.9054959785522788
  ]
}